dish_id,restaurant_id,name,price,calories,protein_g,carb_g,fat_g,diet_tags,cuisine_type,food_category,rating,order_count,is_available,image_url
D0001,R1,Hủ Tiếu Đặc biệt,93000,225,5.0,22.4,12.8,"[""healthy""]",vn,main,4.7,3623,True,https://loremflickr.com/400/300/hutieu?lock=1
D0002,R1,Bánh Cuốn Nhỏ,22000,989,38.8,110.3,43.6,"[""bulking"", ""high_protein""]",vn,main,4.6,2908,True,https://loremflickr.com/400/300/banhcuon?lock=2
D0003,R1,Bún Bò Mix,86000,981,52.4,106.3,38.5,"[""bulking"", ""high_protein""]",vn,main,4.5,4229,True,https://loremflickr.com/400/300/bunbo?lock=3
D0004,R1,Cơm Tấm Truyền thống,46000,412,46.6,5.0,22.9,"[""high_protein""]",vn,main,4.4,169,True,https://loremflickr.com/400/300/comtam?lock=4
D0005,R1,Gỏi Cuốn Truyền thống,74000,985,51.7,101.1,41.5,"[""bulking"", ""high_protein""]",vn,main,4.5,4491,True,https://loremflickr.com/400/300/goicuon?lock=5
D0006,R1,Bún Bò Đặc biệt,19000,465,28.6,37.8,22.2,"[""low_carb"", ""healthy""]",vn,main,4.2,4838,True,https://loremflickr.com/400/300/bunbo?lock=6
D0007,R1,Bánh Cuốn Lớn,17000,458,57.0,10.2,21.0,"[""high_protein""]",vn,main,4.0,2256,True,https://loremflickr.com/400/300/banhcuon?lock=7
D0008,R1,Hủ Tiếu Đặc biệt,235000,241,5.0,35.4,8.9,"[""eat_clean"", ""healthy""]",vn,main,4.6,3254,True,https://loremflickr.com/400/300/hutieu?lock=8
D0009,R4,Gỏi Cuốn Mix,44000,948,43.8,168.2,11.1,"[""high_protein""]",vn,main,4.9,791,True,https://loremflickr.com/400/300/goicuon?lock=9
D0010,R4,Bánh Xèo Nhỏ,35000,425,62.3,22.7,9.4,"[""eat_clean"", ""healthy""]",vn,main,4.5,3600,True,https://loremflickr.com/400/300/banhxeo?lock=10
D0011,R4,Phở Lớn,69000,450,76.8,23.0,5.6,"[""healthy""]",vn,main,4.7,2019,True,"https://loremflickr.com/400/300/pho,noodle?lock=11"
D0012,R4,Chả Giò Nhỏ,88000,224,5.0,33.0,8.1,"[""eat_clean"", ""healthy""]",vn,main,4.6,3019,True,https://loremflickr.com/400/300/springroll?lock=12
D0013,R4,Bún Bò Mix,70000,954,36.6,165.7,16.2,"[""high_protein""]",vn,main,4.2,4660,True,https://loremflickr.com/400/300/bunbo?lock=13
D0014,R4,Bún Chả Đặc biệt,212000,450,60.8,33.9,7.9,"[""eat_clean"", ""healthy""]",vn,main,4.9,1639,True,https://loremflickr.com/400/300/buncha?lock=14
D0015,R4,Bún Chả Mix,48000,682,86.5,23.3,27.0,"[""low_carb""]",vn,main,4.4,4594,True,https://loremflickr.com/400/300/buncha?lock=15
D0016,R4,Phở Đặc biệt,25000,737,43.0,97.4,19.5,"[""high_protein""]",vn,main,4.1,2380,True,"https://loremflickr.com/400/300/pho,noodle?lock=16"
D0017,R6,Cơm Tấm Đặc biệt,47000,693,101.2,51.9,9.0,"[""healthy""]",vn,main,4.9,1988,True,https://loremflickr.com/400/300/comtam?lock=17
D0018,R6,Bún Chả Nhỏ,35000,407,52.8,37.6,5.1,"[""healthy""]",vn,main,4.6,4164,True,https://loremflickr.com/400/300/buncha?lock=18
D0019,R6,Hủ Tiếu Nhỏ,68000,675,91.1,49.8,12.4,"[""healthy""]",vn,main,4.3,4687,True,https://loremflickr.com/400/300/hutieu?lock=19
D0020,R6,Bún Bò Lớn,156000,270,18.9,33.6,6.7,"[""healthy""]",vn,main,4.9,194,True,https://loremflickr.com/400/300/bunbo?lock=20
D0021,R6,Bún Bò Đặc biệt,55000,450,50.9,33.7,12.4,"[""eat_clean"", ""healthy""]",vn,main,4.4,2782,True,https://loremflickr.com/400/300/bunbo?lock=21
D0022,R6,Hủ Tiếu Lớn,27000,255,5.0,27.2,14.1,"[""healthy""]",vn,main,4.3,59,True,https://loremflickr.com/400/300/hutieu?lock=22
D0023,R6,Bánh Mì Đặc biệt,182000,333,5.0,30.2,21.4,"[""low_carb"", ""healthy""]",vn,main,4.1,3729,True,https://loremflickr.com/400/300/banhmi?lock=23
D0024,R6,Hủ Tiếu Lớn,71000,346,5.0,17.8,28.4,"[""low_carb"", ""healthy""]",vn,main,5.0,4962,True,https://loremflickr.com/400/300/hutieu?lock=24
D0025,R7,Phở Nhỏ,124000,925,44.5,98.1,39.4,"[""bulking"", ""high_protein""]",vn,main,4.7,3406,True,"https://loremflickr.com/400/300/pho,noodle?lock=25"
D0026,R7,Chả Giò Mix,24000,400,66.4,22.0,5.2,"[""healthy""]",vn,main,4.8,2917,True,https://loremflickr.com/400/300/springroll?lock=26
D0027,R7,Bánh Cuốn Nhỏ,43000,917,41.8,118.0,30.9,"[""bulking"", ""high_protein""]",vn,main,4.6,2482,True,https://loremflickr.com/400/300/banhcuon?lock=27
D0028,R7,Chả Giò Đặc biệt,141000,658,100.4,43.3,9.3,"[""healthy""]",vn,main,4.4,1059,True,https://loremflickr.com/400/300/springroll?lock=28
D0029,R7,Bún Bò Mix,111000,989,56.1,87.5,46.1,"[""bulking"", ""high_protein""]",vn,main,4.2,4417,True,https://loremflickr.com/400/300/bunbo?lock=29
D0030,R7,Bánh Mì Mix,38000,1048,187.8,55.2,8.4,"[""healthy""]",vn,main,4.4,4112,True,https://loremflickr.com/400/300/banhmi?lock=30
D0031,R7,Bún Chả Mix,92000,441,51.3,18.8,17.8,"[""high_protein""]",vn,main,4.1,3703,True,https://loremflickr.com/400/300/buncha?lock=31
D0032,R7,Bánh Cuốn Đặc biệt,21000,349,49.3,5.0,14.7,"[""high_protein""]",vn,main,4.6,4841,True,https://loremflickr.com/400/300/banhcuon?lock=32
D0033,R11,Bánh Cuốn Mix,172000,993,45.9,100.5,45.3,"[""bulking"", ""high_protein""]",vn,main,4.7,774,True,https://loremflickr.com/400/300/banhcuon?lock=33
D0034,R11,Bún Chả Truyền thống,15000,705,98.8,11.0,29.5,"[""low_carb""]",vn,main,4.4,3140,True,https://loremflickr.com/400/300/buncha?lock=34
D0035,R11,Bánh Xèo Truyền thống,39000,485,45.6,24.2,22.9,"[""high_protein""]",vn,main,4.2,4595,True,https://loremflickr.com/400/300/banhxeo?lock=35
D0036,R11,Bánh Cuốn Đặc biệt,70000,947,176.0,15.3,20.2,"[""low_carb""]",vn,main,4.9,1464,True,https://loremflickr.com/400/300/banhcuon?lock=36
D0037,R11,Bánh Xèo Đặc biệt,49000,433,27.6,21.4,26.4,"[""low_carb"", ""healthy""]",vn,main,4.3,983,True,https://loremflickr.com/400/300/banhxeo?lock=37
D0038,R11,Chả Giò Nhỏ,37000,654,78.2,53.1,14.3,"[""eat_clean"", ""healthy""]",vn,main,4.5,3631,True,https://loremflickr.com/400/300/springroll?lock=38
D0039,R11,Cơm Tấm Lớn,60000,431,53.9,5.0,21.7,"[""high_protein""]",vn,main,5.0,4918,True,https://loremflickr.com/400/300/comtam?lock=39
D0040,R11,Chả Giò Nhỏ,79000,659,109.0,17.0,17.2,"[""low_carb""]",vn,main,4.6,1459,True,https://loremflickr.com/400/300/springroll?lock=40
D0041,R2,Samgyeopsal Mix,35000,999,42.3,113.7,41.8,"[""bulking"", ""high_protein""]",kr,main,4.2,448,True,https://loremflickr.com/400/300/samgyeopsal?lock=41
D0042,R2,Pancake Truyền thống,22000,961,45.4,91.5,45.9,"[""bulking"", ""high_protein""]",kr,main,4.8,4638,True,https://loremflickr.com/400/300/pajeon?lock=42
D0043,R2,Samgyeopsal Nhỏ,16000,749,84.2,69.4,15.0,"[""healthy""]",kr,main,4.7,3187,True,https://loremflickr.com/400/300/samgyeopsal?lock=43
D0044,R2,Bibimbap Mix,48000,973,59.6,96.9,38.5,"[""bulking"", ""high_protein""]",kr,main,4.4,1402,True,https://loremflickr.com/400/300/bibimbap?lock=44
D0045,R2,Kimchi Lớn,45000,949,132.5,38.8,29.3,"[""low_carb""]",kr,main,4.0,4976,True,https://loremflickr.com/400/300/kimchi?lock=45
D0046,R2,Bibimbap Lớn,30000,997,164.0,61.1,10.8,"[""eat_clean"", ""healthy""]",kr,main,4.4,3914,True,https://loremflickr.com/400/300/bibimbap?lock=46
D0047,R2,Bibimbap Mix,70000,1023,178.9,59.1,7.9,"[""eat_clean"", ""healthy""]",kr,main,4.9,157,True,https://loremflickr.com/400/300/bibimbap?lock=47
D0048,R2,Bulgogi Nhỏ,87000,878,58.8,106.1,24.3,"[""bulking"", ""high_protein""]",kr,main,4.2,1055,True,https://loremflickr.com/400/300/bulgogi?lock=48
D0049,R17,Bulgogi Mix,16000,900,155.0,57.7,5.4,"[""healthy""]",kr,main,4.8,4231,True,https://loremflickr.com/400/300/bulgogi?lock=49
D0050,R17,Fried Chicken Đặc biệt,49000,249,5.0,25.5,14.1,"[""healthy""]",kr,main,4.9,4092,True,https://loremflickr.com/400/300/friedchicken?lock=50
D0051,R17,Bibimbap Nhỏ,39000,694,57.7,83.4,14.4,"[""high_protein""]",kr,main,4.5,2049,True,https://loremflickr.com/400/300/bibimbap?lock=51
D0052,R17,Kimchi Mix,48000,232,5.0,10.0,19.1,"[""low_carb"", ""healthy""]",kr,main,4.5,1820,True,https://loremflickr.com/400/300/kimchi?lock=52
D0053,R17,Bulgogi Mix,94000,705,93.8,56.3,11.6,"[""eat_clean"", ""healthy""]",kr,main,4.8,1270,True,https://loremflickr.com/400/300/bulgogi?lock=53
D0054,R17,Bibimbap Lớn,180000,1030,51.2,108.8,43.3,"[""bulking"", ""high_protein""]",kr,main,4.1,2207,True,https://loremflickr.com/400/300/bibimbap?lock=54
D0055,R17,Kimbap Truyền thống,29000,976,184.3,24.8,15.5,"[""low_carb""]",kr,main,4.1,4044,True,https://loremflickr.com/400/300/kimbap?lock=55
D0056,R17,Tteokbokki Nhỏ,59000,663,50.4,65.6,22.1,"[""high_protein""]",kr,main,4.9,306,True,https://loremflickr.com/400/300/tteokbokki?lock=56
D0057,R18,Jajangmyeon Nhỏ,111000,409,38.2,11.0,23.6,"[""high_protein""]",kr,main,4.3,1074,True,https://loremflickr.com/400/300/jajangmyeon?lock=57
D0058,R18,Tteokbokki Đặc biệt,121000,476,41.5,29.0,21.6,"[""low_carb"", ""healthy""]",kr,main,4.2,3278,True,https://loremflickr.com/400/300/tteokbokki?lock=58
D0059,R18,Kimchi Đặc biệt,227000,748,104.4,17.4,29.0,"[""low_carb""]",kr,main,4.1,4341,True,https://loremflickr.com/400/300/kimchi?lock=59
D0060,R18,Tteokbokki Nhỏ,26000,863,57.9,85.5,32.2,"[""bulking"", ""high_protein""]",kr,main,4.4,3963,True,https://loremflickr.com/400/300/tteokbokki?lock=60
D0061,R18,Kimbap Nhỏ,30000,274,5.0,44.7,8.4,"[""eat_clean"", ""healthy""]",kr,main,4.3,3647,True,https://loremflickr.com/400/300/kimbap?lock=61
D0062,R18,Jajangmyeon Đặc biệt,245000,394,57.2,5.0,16.2,"[""high_protein""]",kr,main,4.7,4213,True,https://loremflickr.com/400/300/jajangmyeon?lock=62
D0063,R18,Bibimbap Nhỏ,132000,1012,43.0,167.4,18.9,"[""high_protein""]",kr,main,4.9,4235,True,https://loremflickr.com/400/300/bibimbap?lock=63
D0064,R18,Jajangmyeon Mix,155000,677,81.9,57.8,13.1,"[""eat_clean"", ""healthy""]",kr,main,4.6,629,True,https://loremflickr.com/400/300/jajangmyeon?lock=64
D0065,R10,Bulgogi Truyền thống,19000,450,57.6,40.1,6.6,"[""eat_clean"", ""healthy""]",kr,main,4.6,1769,True,https://loremflickr.com/400/300/bulgogi?lock=65
D0066,R10,Fried Chicken Lớn,176000,748,51.4,100.0,15.8,"[""high_protein""]",kr,main,4.2,3048,True,https://loremflickr.com/400/300/friedchicken?lock=66
D0067,R10,Fried Chicken Đặc biệt,92000,1004,180.6,45.2,11.2,"[""healthy""]",kr,main,4.7,911,True,https://loremflickr.com/400/300/friedchicken?lock=67
D0068,R10,Fried Chicken Truyền thống,19000,922,45.3,146.0,17.4,"[""high_protein""]",kr,main,4.6,1568,True,https://loremflickr.com/400/300/friedchicken?lock=68
D0069,R10,Samgyeopsal Truyền thống,24000,906,150.5,45.8,13.4,"[""eat_clean"", ""healthy""]",kr,main,4.7,3531,True,https://loremflickr.com/400/300/samgyeopsal?lock=69
D0070,R10,Fried Chicken Đặc biệt,141000,1013,160.1,26.7,29.6,"[""low_carb""]",kr,main,4.1,463,True,https://loremflickr.com/400/300/friedchicken?lock=70
D0071,R10,Pancake Lớn,26000,216,5.9,21.8,11.7,"[""eat_clean"", ""healthy""]",kr,main,4.9,1867,True,https://loremflickr.com/400/300/pajeon?lock=71
D0072,R10,Bibimbap Nhỏ,19000,286,5.0,16.9,22.1,"[""low_carb"", ""healthy""]",kr,main,4.8,4427,True,https://loremflickr.com/400/300/bibimbap?lock=72
D0073,R11,Bulgogi Mix,39000,855,51.6,115.6,20.7,"[""bulking"", ""high_protein""]",kr,main,4.9,1705,True,https://loremflickr.com/400/300/bulgogi?lock=73
D0074,R11,Fried Chicken Truyền thống,162000,983,157.0,63.0,11.4,"[""eat_clean"", ""healthy""]",kr,main,4.5,1691,True,https://loremflickr.com/400/300/friedchicken?lock=74
D0075,R11,Bulgogi Mix,18000,911,47.2,110.8,31.0,"[""bulking"", ""high_protein""]",kr,main,4.9,1590,True,https://loremflickr.com/400/300/bulgogi?lock=75
D0076,R11,Tteokbokki Truyền thống,29000,737,123.9,42.5,8.0,"[""eat_clean"", ""healthy""]",kr,main,4.6,3959,True,https://loremflickr.com/400/300/tteokbokki?lock=76
D0077,R11,Pancake Lớn,169000,1009,163.0,58.7,13.6,"[""healthy""]",kr,main,4.6,2798,True,https://loremflickr.com/400/300/pajeon?lock=77
D0078,R11,Mandu Truyền thống,113000,450,43.6,42.5,11.7,"[""healthy""]",kr,main,4.2,2823,True,https://loremflickr.com/400/300/mandu?lock=78
D0079,R11,Bibimbap Lớn,84000,920,47.1,111.5,31.7,"[""bulking"", ""high_protein""]",kr,main,4.6,3517,True,https://loremflickr.com/400/300/bibimbap?lock=79
D0080,R11,Bibimbap Truyền thống,92000,403,38.7,11.3,22.5,"[""low_carb"", ""healthy""]",kr,main,4.2,4115,True,https://loremflickr.com/400/300/bibimbap?lock=80
D0081,R3,Fries Truyền thống,87000,264,5.0,37.7,10.4,"[""healthy""]",eu,main,4.5,2692,True,https://loremflickr.com/400/300/frenchfries?lock=81
D0082,R3,Sandwich Mix,19000,990,53.9,112.2,36.3,"[""bulking"", ""high_protein""]",eu,main,4.3,4360,True,https://loremflickr.com/400/300/sandwich?lock=82
D0083,R3,Pasta Đặc biệt,91000,888,55.1,115.7,22.8,"[""bulking"", ""high_protein""]",eu,main,4.9,680,True,https://loremflickr.com/400/300/pasta?lock=83
D0084,R3,Steak Đặc biệt,47000,393,53.8,5.0,17.5,"[""high_protein""]",eu,main,4.4,599,True,https://loremflickr.com/400/300/steak?lock=84
D0085,R3,Salad Đặc biệt,72000,1050,45.9,115.5,44.9,"[""bulking"", ""high_protein""]",eu,main,4.7,1992,True,https://loremflickr.com/400/300/salad?lock=85
D0086,R3,Steak Mix,20000,492,48.3,30.0,19.8,"[""low_carb"", ""healthy""]",eu,main,4.1,3582,True,https://loremflickr.com/400/300/steak?lock=86
D0087,R3,Garlic Bread Nhỏ,18000,489,48.3,31.4,18.9,"[""high_protein""]",eu,main,5.0,1651,True,https://loremflickr.com/400/300/garlicbread?lock=87
D0088,R3,Fries Truyền thống,167000,299,28.7,20.1,11.5,"[""eat_clean"", ""healthy""]",eu,main,4.5,4038,True,https://loremflickr.com/400/300/frenchfries?lock=88
D0089,R8,Waffles Truyền thống,41000,990,48.8,165.1,14.9,"[""high_protein""]",eu,main,4.9,185,True,https://loremflickr.com/400/300/waffles?lock=89
D0090,R8,Sandwich Truyền thống,30000,450,58.9,27.9,11.4,"[""eat_clean"", ""healthy""]",eu,main,4.6,3029,True,https://loremflickr.com/400/300/sandwich?lock=90
D0091,R8,Waffles Nhỏ,82000,450,74.5,24.5,6.0,"[""healthy""]",eu,main,4.4,1052,True,https://loremflickr.com/400/300/waffles?lock=91
D0092,R8,Steak Nhỏ,75000,282,15.8,28.4,11.7,"[""eat_clean"", ""healthy""]",eu,main,4.6,693,True,https://loremflickr.com/400/300/steak?lock=92
D0093,R8,Burger Đặc biệt,94000,993,55.4,160.8,14.2,"[""high_protein""]",eu,main,4.5,4914,True,https://loremflickr.com/400/300/burger?lock=93
D0094,R8,Sandwich Nhỏ,188000,407,50.2,20.3,13.9,"[""eat_clean"", ""healthy""]",eu,main,5.0,2789,True,https://loremflickr.com/400/300/sandwich?lock=94
D0095,R8,Sandwich Nhỏ,47000,737,100.5,32.2,22.9,"[""low_carb""]",eu,main,4.1,3180,True,https://loremflickr.com/400/300/sandwich?lock=95
D0096,R8,Garlic Bread Đặc biệt,17000,665,39.4,79.0,21.3,"[""high_protein""]",eu,main,4.2,4463,True,https://loremflickr.com/400/300/garlicbread?lock=96
D0097,R9,Pizza Lớn,40000,653,81.8,64.9,7.3,"[""healthy""]",eu,main,4.3,2810,True,https://loremflickr.com/400/300/pizza?lock=97
D0098,R9,Salad Nhỏ,40000,404,42.4,33.5,11.2,"[""healthy""]",eu,main,4.1,4571,True,https://loremflickr.com/400/300/salad?lock=98
D0099,R9,Soup Đặc biệt,92000,723,113.1,47.8,8.8,"[""healthy""]",eu,main,4.2,1717,True,https://loremflickr.com/400/300/soup?lock=99
D0100,R9,Garlic Bread Mix,141000,251,5.0,36.3,9.5,"[""healthy""]",eu,main,4.1,4150,True,https://loremflickr.com/400/300/garlicbread?lock=100
D0101,R9,Fries Lớn,78000,423,50.4,30.3,11.1,"[""eat_clean"", ""healthy""]",eu,main,4.2,2545,True,https://loremflickr.com/400/300/frenchfries?lock=101
D0102,R9,Garlic Bread Nhỏ,19000,282,5.0,40.4,11.1,"[""healthy""]",eu,main,4.1,1842,True,https://loremflickr.com/400/300/garlicbread?lock=102
D0103,R9,Sandwich Mix,243000,332,5.0,23.5,24.3,"[""low_carb"", ""healthy""]",eu,main,4.4,3457,True,https://loremflickr.com/400/300/sandwich?lock=103
D0104,R9,Pasta Truyền thống,62000,276,10.4,23.4,15.7,"[""low_carb"", ""healthy""]",eu,main,4.6,3786,True,https://loremflickr.com/400/300/pasta?lock=104
D0105,R12,Sandwich Lớn,153000,895,37.5,113.7,32.2,"[""bulking"", ""high_protein""]",eu,main,4.3,3832,True,https://loremflickr.com/400/300/sandwich?lock=105
D0106,R12,Salad Mix,27000,450,60.1,33.0,8.6,"[""healthy""]",eu,main,4.4,3356,True,https://loremflickr.com/400/300/salad?lock=106
D0107,R12,Steak Nhỏ,32000,1043,43.8,99.0,52.4,"[""bulking"", ""high_protein""]",eu,main,4.1,2908,True,https://loremflickr.com/400/300/steak?lock=107
D0108,R12,Pasta Lớn,168000,713,88.4,69.7,9.0,"[""healthy""]",eu,main,4.6,2359,True,https://loremflickr.com/400/300/pasta?lock=108
D0109,R12,Burger Nhỏ,164000,862,40.3,95.5,35.4,"[""bulking"", ""high_protein""]",eu,main,4.3,3329,True,https://loremflickr.com/400/300/burger?lock=109
D0110,R12,Waffles Truyền thống,37000,982,162.7,58.6,10.7,"[""healthy""]",eu,main,4.0,621,True,https://loremflickr.com/400/300/waffles?lock=110
D0111,R12,Fries Truyền thống,94000,452,58.9,5.0,21.8,"[""high_protein""]",eu,main,4.9,1420,True,https://loremflickr.com/400/300/frenchfries?lock=111
D0112,R12,Sandwich Nhỏ,23000,382,40.9,5.0,22.1,"[""high_protein""]",eu,main,4.9,587,True,https://loremflickr.com/400/300/sandwich?lock=112
D0113,R12,Steak Mix,221000,856,35.5,100.3,34.9,"[""bulking"", ""high_protein""]",eu,main,4.2,1597,True,https://loremflickr.com/400/300/steak?lock=113
D0114,R12,Salad Nhỏ,23000,696,85.7,25.8,27.8,"[""low_carb""]",eu,main,4.3,1287,True,https://loremflickr.com/400/300/salad?lock=114
D0115,R12,Pasta Lớn,34000,482,39.5,42.3,17.2,"[""high_protein""]",eu,main,4.9,2221,True,https://loremflickr.com/400/300/pasta?lock=115
D0116,R12,Salad Nhỏ,61000,970,166.8,22.6,23.6,"[""low_carb""]",eu,main,5.0,2450,True,https://loremflickr.com/400/300/salad?lock=116
D0117,R12,Soup Mix,48000,406,30.8,13.6,25.4,"[""low_carb"", ""healthy""]",eu,main,4.2,3163,True,https://loremflickr.com/400/300/soup?lock=117
D0118,R12,Burger Đặc biệt,36000,732,85.7,64.3,14.7,"[""eat_clean"", ""healthy""]",eu,main,4.3,4043,True,https://loremflickr.com/400/300/burger?lock=118
D0119,R12,Salad Nhỏ,94000,345,36.2,5.0,20.1,"[""high_protein""]",eu,main,4.9,4468,True,https://loremflickr.com/400/300/salad?lock=119
D0120,R12,Sandwich Đặc biệt,95000,745,116.5,26.1,19.4,"[""low_carb""]",eu,main,4.9,1369,True,https://loremflickr.com/400/300/sandwich?lock=120
D0121,R5,Udon Mix,42000,980,44.2,93.4,47.7,"[""bulking"", ""high_protein""]",jp,main,4.6,4856,True,https://loremflickr.com/400/300/udon?lock=121
D0122,R5,Sushi Mix,28000,951,50.1,114.2,32.7,"[""bulking"", ""high_protein""]",jp,main,4.8,2725,True,https://loremflickr.com/400/300/sushi?lock=122
D0123,R5,Ramen Mix,19000,721,88.8,59.1,14.4,"[""healthy""]",jp,main,4.6,3627,True,https://loremflickr.com/400/300/ramen?lock=123
D0124,R5,Tempura Mix,31000,894,50.5,93.4,35.4,"[""bulking"", ""high_protein""]",jp,main,5.0,916,True,https://loremflickr.com/400/300/tempura?lock=124
D0125,R5,Sushi Nhỏ,36000,1008,184.5,31.1,16.2,"[""low_carb""]",jp,main,4.9,4793,True,https://loremflickr.com/400/300/sushi?lock=125
D0126,R5,Takoyaki Mix,37000,957,151.0,58.9,13.0,"[""eat_clean"", ""healthy""]",jp,main,4.9,3156,True,https://loremflickr.com/400/300/takoyaki?lock=126
D0127,R5,Takoyaki Nhỏ,71000,983,177.4,43.1,11.2,"[""eat_clean"", ""healthy""]",jp,main,4.4,223,True,https://loremflickr.com/400/300/takoyaki?lock=127
D0128,R5,Miso Soup Truyền thống,72000,850,45.2,98.7,30.5,"[""bulking"", ""high_protein""]",jp,main,4.6,436,True,https://loremflickr.com/400/300/soup?lock=128
D0129,R19,Sushi Nhỏ,23000,918,162.6,52.4,6.4,"[""healthy""]",jp,main,4.4,4756,True,https://loremflickr.com/400/300/sushi?lock=129
D0130,R19,Gyoza Mix,30000,284,5.0,33.0,14.7,"[""healthy""]",jp,main,4.9,1911,True,https://loremflickr.com/400/300/gyoza?lock=130
D0131,R19,Takoyaki Nhỏ,35000,696,44.1,91.4,17.1,"[""high_protein""]",jp,main,4.8,3564,True,https://loremflickr.com/400/300/takoyaki?lock=131
D0132,R19,Sushi Mix,40000,399,5.0,30.6,28.6,"[""low_carb"", ""healthy""]",jp,main,4.3,2384,True,https://loremflickr.com/400/300/sushi?lock=132
D0133,R19,Miso Soup Truyền thống,78000,684,109.9,41.6,8.7,"[""eat_clean"", ""healthy""]",jp,main,4.3,706,True,https://loremflickr.com/400/300/soup?lock=133
D0134,R19,Tonkatsu Đặc biệt,172000,921,54.8,111.7,28.3,"[""bulking"", ""high_protein""]",jp,main,4.1,4143,True,https://loremflickr.com/400/300/tonkatsu?lock=134
D0135,R19,Takoyaki Lớn,21000,931,136.8,36.3,26.5,"[""low_carb""]",jp,main,4.2,835,True,https://loremflickr.com/400/300/takoyaki?lock=135
D0136,R19,Tonkatsu Đặc biệt,76000,698,42.1,78.0,24.2,"[""high_protein""]",jp,main,4.2,2476,True,https://loremflickr.com/400/300/tonkatsu?lock=136
D0137,R13,Onigiri Mix,121000,489,46.2,37.9,17.0,"[""high_protein""]",jp,main,4.1,4316,True,https://loremflickr.com/400/300/onigiri?lock=137
D0138,R13,Ramen Nhỏ,179000,440,32.0,30.8,21.0,"[""low_carb"", ""healthy""]",jp,main,4.2,767,True,https://loremflickr.com/400/300/ramen?lock=138
D0139,R13,Gyoza Truyền thống,190000,736,106.3,39.2,17.1,"[""low_carb""]",jp,main,4.5,1524,True,https://loremflickr.com/400/300/gyoza?lock=139
D0140,R13,Ramen Mix,20000,970,38.3,103.1,44.9,"[""bulking"", ""high_protein""]",jp,main,4.4,4332,True,https://loremflickr.com/400/300/ramen?lock=140
D0141,R13,Takoyaki Đặc biệt,45000,238,5.0,21.0,14.9,"[""eat_clean"", ""healthy""]",jp,main,4.2,4695,True,https://loremflickr.com/400/300/takoyaki?lock=141
D0142,R13,Sushi Truyền thống,142000,348,48.7,5.0,14.9,"[""high_protein""]",jp,main,4.3,4182,True,https://loremflickr.com/400/300/sushi?lock=142
D0143,R13,Tonkatsu Mix,226000,964,40.3,161.2,17.6,"[""high_protein""]",jp,main,4.2,2821,True,https://loremflickr.com/400/300/tonkatsu?lock=143
D0144,R13,Sushi Truyền thống,206000,675,67.8,69.9,13.8,"[""eat_clean"", ""healthy""]",jp,main,4.3,2493,True,https://loremflickr.com/400/300/sushi?lock=144
D0145,R14,Takoyaki Đặc biệt,19000,427,54.7,40.5,5.2,"[""eat_clean"", ""healthy""]",jp,main,4.0,680,True,https://loremflickr.com/400/300/takoyaki?lock=145
D0146,R14,Udon Nhỏ,214000,680,53.3,60.8,24.8,"[""high_protein""]",jp,main,4.8,384,True,https://loremflickr.com/400/300/udon?lock=146
D0147,R14,Tempura Mix,63000,907,160.0,53.0,6.1,"[""healthy""]",jp,main,4.8,2917,True,https://loremflickr.com/400/300/tempura?lock=147
D0148,R14,Sushi Đặc biệt,17000,914,52.4,152.2,10.7,"[""high_protein""]",jp,main,4.4,4243,True,https://loremflickr.com/400/300/sushi?lock=148
D0149,R14,Takoyaki Nhỏ,23000,999,177.6,54.7,7.8,"[""eat_clean"", ""healthy""]",jp,main,4.9,2045,True,https://loremflickr.com/400/300/takoyaki?lock=149
D0150,R14,Takoyaki Đặc biệt,183000,1004,200.1,17.0,15.0,"[""low_carb""]",jp,main,4.2,1396,True,https://loremflickr.com/400/300/takoyaki?lock=150
D0151,R14,Takoyaki Lớn,22000,267,5.0,34.9,12.0,"[""eat_clean"", ""healthy""]",jp,main,4.3,414,True,https://loremflickr.com/400/300/takoyaki?lock=151
D0152,R14,Ramen Đặc biệt,17000,347,5.0,26.8,24.5,"[""low_carb"", ""healthy""]",jp,main,4.8,1401,True,https://loremflickr.com/400/300/ramen?lock=152
D0153,R15,Sushi Mix,50000,881,57.2,90.2,32.4,"[""bulking"", ""high_protein""]",jp,main,4.1,2913,True,https://loremflickr.com/400/300/sushi?lock=153
D0154,R15,Sushi Lớn,136000,940,174.9,40.2,8.8,"[""eat_clean"", ""healthy""]",jp,main,4.3,904,True,https://loremflickr.com/400/300/sushi?lock=154
D0155,R15,Miso Soup Đặc biệt,29000,941,45.8,97.7,40.9,"[""bulking"", ""high_protein""]",jp,main,4.6,120,True,https://loremflickr.com/400/300/soup?lock=155
D0156,R15,Sashimi Truyền thống,17000,670,106.1,42.1,8.6,"[""eat_clean"", ""healthy""]",jp,main,4.1,730,True,https://loremflickr.com/400/300/sashimi?lock=156
D0157,R15,Tempura Nhỏ,181000,989,184.5,45.6,7.6,"[""healthy""]",jp,main,4.4,2395,True,https://loremflickr.com/400/300/tempura?lock=157
D0158,R15,Tonkatsu Mix,197000,450,74.9,23.5,6.3,"[""healthy""]",jp,main,4.6,904,True,https://loremflickr.com/400/300/tonkatsu?lock=158
D0159,R15,Sushi Lớn,84000,958,42.7,118.3,34.9,"[""bulking"", ""high_protein""]",jp,main,4.1,223,True,https://loremflickr.com/400/300/sushi?lock=159
D0160,R15,Sushi Đặc biệt,74000,427,29.5,14.3,28.0,"[""low_carb"", ""healthy""]",jp,main,4.3,2776,True,https://loremflickr.com/400/300/sushi?lock=160
D0161,R10,Spring Rolls Mix,57000,286,35.6,22.0,6.2,"[""healthy""]",th,main,4.3,2865,True,https://loremflickr.com/400/300/springroll?lock=161
D0162,R10,Tom Yum Lớn,25000,890,40.3,104.2,34.7,"[""bulking"", ""high_protein""]",th,main,4.2,1737,True,https://loremflickr.com/400/300/tomyum?lock=162
D0163,R10,Tom Yum Nhỏ,62000,921,43.9,99.1,38.8,"[""bulking"", ""high_protein""]",th,main,4.5,4182,True,https://loremflickr.com/400/300/tomyum?lock=163
D0164,R10,Tom Yum Lớn,43000,379,38.9,5.0,22.6,"[""high_protein""]",th,main,4.0,1295,True,https://loremflickr.com/400/300/tomyum?lock=164
D0165,R10,Som Tum Đặc biệt,92000,908,46.1,109.4,31.8,"[""bulking"", ""high_protein""]",th,main,4.5,1539,True,https://loremflickr.com/400/300/somtum?lock=165
D0166,R10,Massaman Curry Lớn,27000,460,66.8,12.6,15.8,"[""low_carb"", ""healthy""]",th,main,4.8,4245,True,https://loremflickr.com/400/300/massaman?lock=166
D0167,R10,Green Curry Truyền thống,27000,420,43.8,33.7,12.2,"[""high_protein""]",th,main,4.5,2098,True,https://loremflickr.com/400/300/greencurry?lock=167
D0168,R10,Tom Yum Mix,209000,269,5.0,29.8,14.5,"[""eat_clean"", ""healthy""]",th,main,4.8,4677,True,https://loremflickr.com/400/300/tomyum?lock=168
D0169,R16,Mango Sticky Rice Mix,48000,997,56.2,146.5,20.7,"[""high_protein""]",th,main,4.2,490,True,https://loremflickr.com/400/300/mangostickyrice?lock=169
D0170,R16,Spring Rolls Lớn,47000,450,54.2,26.6,14.1,"[""eat_clean"", ""healthy""]",th,main,5.0,2004,True,https://loremflickr.com/400/300/springroll?lock=170
D0171,R16,Thai Fried Rice Truyền thống,59000,414,45.8,38.0,8.7,"[""healthy""]",th,main,4.8,4870,True,https://loremflickr.com/400/300/friedrice?lock=171
D0172,R16,Thai Fried Rice Truyền thống,57000,264,5.0,29.3,14.2,"[""eat_clean"", ""healthy""]",th,main,4.1,3071,True,https://loremflickr.com/400/300/friedrice?lock=172
D0173,R16,Satay Truyền thống,83000,959,38.1,167.5,15.3,"[""high_protein""]",th,main,4.8,2597,True,https://loremflickr.com/400/300/satay?lock=173
D0174,R16,Satay Truyền thống,227000,442,63.6,31.8,6.7,"[""eat_clean"", ""healthy""]",th,main,4.5,1912,True,https://loremflickr.com/400/300/satay?lock=174
D0175,R16,Som Tum Truyền thống,46000,677,100.6,10.7,25.8,"[""low_carb""]",th,main,4.8,2305,True,https://loremflickr.com/400/300/somtum?lock=175
D0176,R16,Tom Yum Lớn,29000,717,59.3,65.5,24.2,"[""high_protein""]",th,main,4.3,4727,True,https://loremflickr.com/400/300/tomyum?lock=176
D0177,R17,Tom Yum Truyền thống,38000,712,112.8,41.6,10.5,"[""healthy""]",th,main,4.9,4195,True,https://loremflickr.com/400/300/tomyum?lock=177
D0178,R17,Pad Thai Mix,30000,415,56.3,30.8,7.4,"[""healthy""]",th,main,4.3,3353,True,https://loremflickr.com/400/300/padthai?lock=178
D0179,R17,Mango Sticky Rice Truyền thống,93000,674,113.8,40.9,6.1,"[""healthy""]",th,main,4.5,3815,True,https://loremflickr.com/400/300/mangostickyrice?lock=179
D0180,R17,Pad Thai Lớn,133000,283,19.5,31.7,8.7,"[""healthy""]",th,main,4.3,984,True,https://loremflickr.com/400/300/padthai?lock=180
D0181,R17,Massaman Curry Đặc biệt,64000,450,50.1,32.5,13.3,"[""eat_clean"", ""healthy""]",th,main,4.6,1633,True,https://loremflickr.com/400/300/massaman?lock=181
D0182,R17,Som Tum Truyền thống,27000,280,35.5,20.8,6.1,"[""healthy""]",th,main,4.4,4671,True,https://loremflickr.com/400/300/somtum?lock=182
D0183,R17,Green Curry Đặc biệt,158000,352,5.0,33.0,22.3,"[""low_carb"", ""healthy""]",th,main,4.2,3996,True,https://loremflickr.com/400/300/greencurry?lock=183
D0184,R17,Pad Thai Mix,94000,371,5.0,39.8,21.4,"[""low_carb"", ""healthy""]",th,main,4.4,823,True,https://loremflickr.com/400/300/padthai?lock=184
D0185,R18,Tom Yum Nhỏ,212000,978,51.0,98.4,42.3,"[""bulking"", ""high_protein""]",th,main,4.3,2689,True,https://loremflickr.com/400/300/tomyum?lock=185
D0186,R18,Green Curry Lớn,25000,429,51.4,24.2,14.1,"[""healthy""]",th,main,4.4,2365,True,https://loremflickr.com/400/300/greencurry?lock=186
D0187,R18,Pad Thai Nhỏ,40000,1041,43.8,88.9,56.7,"[""bulking"", ""high_protein""]",th,main,4.5,2425,True,https://loremflickr.com/400/300/padthai?lock=187
D0188,R18,Tom Yum Truyền thống,169000,705,100.9,61.0,6.4,"[""healthy""]",th,main,4.4,1107,True,https://loremflickr.com/400/300/tomyum?lock=188
D0189,R18,Pad Thai Lớn,222000,908,40.8,107.1,35.1,"[""bulking"", ""high_protein""]",th,main,4.2,2976,True,https://loremflickr.com/400/300/padthai?lock=189
D0190,R18,Som Tum Đặc biệt,40000,921,141.1,69.4,8.8,"[""healthy""]",th,main,4.8,1637,True,https://loremflickr.com/400/300/somtum?lock=190
D0191,R18,Som Tum Mix,60000,443,41.8,23.7,20.1,"[""high_protein""]",th,main,4.9,2824,True,https://loremflickr.com/400/300/somtum?lock=191
D0192,R18,Mango Sticky Rice Đặc biệt,24000,408,43.1,5.0,24.0,"[""high_protein""]",th,main,4.9,107,True,https://loremflickr.com/400/300/mangostickyrice?lock=192
D0193,R19,Green Curry Truyền thống,171000,991,56.1,95.1,42.9,"[""bulking"", ""high_protein""]",th,main,4.3,1572,True,https://loremflickr.com/400/300/greencurry?lock=193
D0194,R19,Green Curry Nhỏ,22000,721,125.6,16.9,16.8,"[""low_carb""]",th,main,4.0,2297,True,https://loremflickr.com/400/300/greencurry?lock=194
D0195,R19,Satay Đặc biệt,36000,440,55.5,7.0,21.1,"[""high_protein""]",th,main,4.6,2699,True,https://loremflickr.com/400/300/satay?lock=195
D0196,R19,Green Curry Mix,93000,915,164.8,27.6,16.1,"[""low_carb""]",th,main,4.6,832,True,https://loremflickr.com/400/300/greencurry?lock=196
D0197,R19,Spring Rolls Lớn,41000,466,35.6,39.8,18.3,"[""low_carb"", ""healthy""]",th,main,4.4,1175,True,https://loremflickr.com/400/300/springroll?lock=197
D0198,R19,Satay Mix,34000,737,113.9,59.1,5.0,"[""eat_clean"", ""healthy""]",th,main,4.2,1050,True,https://loremflickr.com/400/300/satay?lock=198
D0199,R19,Satay Truyền thống,73000,286,37.7,5.0,12.8,"[""high_protein""]",th,main,4.1,4291,True,https://loremflickr.com/400/300/satay?lock=199
D0200,R19,Satay Nhỏ,74000,744,108.6,17.7,26.5,"[""low_carb""]",th,main,4.0,489,True,https://loremflickr.com/400/300/satay?lock=200
D0201,R14,Dumplings Đặc biệt,37000,972,36.3,98.9,47.9,"[""bulking"", ""high_protein""]",cn,main,4.2,1475,True,https://loremflickr.com/400/300/dumplings?lock=201
D0202,R14,Spring Rolls Nhỏ,15000,1027,57.9,106.9,40.8,"[""bulking"", ""high_protein""]",cn,main,4.9,343,True,https://loremflickr.com/400/300/springroll?lock=202
D0203,R14,Chow Mein Nhỏ,22000,691,100.4,51.9,9.1,"[""healthy""]",cn,main,4.1,2024,True,https://loremflickr.com/400/300/chowmein?lock=203
D0204,R14,Hot Pot Lớn,47000,928,47.6,113.2,31.7,"[""bulking"", ""high_protein""]",cn,main,4.7,2399,True,https://loremflickr.com/400/300/hotpot?lock=204
D0205,R14,Spring Rolls Mix,33000,922,153.5,25.0,23.1,"[""low_carb""]",cn,main,4.7,3879,True,https://loremflickr.com/400/300/springroll?lock=205
D0206,R14,Mapo Tofu Truyền thống,39000,1012,167.5,62.3,10.3,"[""eat_clean"", ""healthy""]",cn,main,4.6,3824,True,https://loremflickr.com/400/300/mapotofu?lock=206
D0207,R14,Baozi Mix,75000,985,174.4,54.8,7.6,"[""eat_clean"", ""healthy""]",cn,main,4.2,438,True,https://loremflickr.com/400/300/baozi?lock=207
D0208,R14,Baozi Mix,91000,980,46.5,86.2,49.9,"[""bulking"", ""high_protein""]",cn,main,4.2,4676,True,https://loremflickr.com/400/300/baozi?lock=208
D0209,R20,Wonton Nhỏ,20000,907,158.7,48.0,8.9,"[""healthy""]",cn,main,4.3,3425,True,https://loremflickr.com/400/300/wonton?lock=209
D0210,R20,Fried Rice Truyền thống,36000,255,5.0,35.2,10.5,"[""healthy""]",cn,main,4.6,4658,True,https://loremflickr.com/400/300/friedrice?lock=210
D0211,R20,Wonton Mix,50000,698,37.8,108.6,12.5,"[""high_protein""]",cn,main,4.5,4280,True,https://loremflickr.com/400/300/wonton?lock=211
D0212,R20,Baozi Truyền thống,40000,306,5.0,17.1,24.2,"[""low_carb"", ""healthy""]",cn,main,4.6,1736,True,https://loremflickr.com/400/300/baozi?lock=212
D0213,R20,Wonton Đặc biệt,87000,712,99.3,60.7,8.0,"[""eat_clean"", ""healthy""]",cn,main,4.3,1200,True,https://loremflickr.com/400/300/wonton?lock=213
D0214,R20,Wonton Truyền thống,217000,956,41.8,94.3,45.7,"[""bulking"", ""high_protein""]",cn,main,4.5,3092,True,https://loremflickr.com/400/300/wonton?lock=214
D0215,R20,Dim Sum Truyền thống,17000,928,153.9,33.9,19.6,"[""low_carb""]",cn,main,4.6,1872,True,https://loremflickr.com/400/300/dimsum?lock=215
D0216,R20,Mapo Tofu Nhỏ,64000,749,45.6,96.2,20.2,"[""high_protein""]",cn,main,4.8,1986,True,https://loremflickr.com/400/300/mapotofu?lock=216
D0217,R21,Wonton Truyền thống,143000,442,46.4,19.5,19.8,"[""high_protein""]",cn,main,4.7,2368,True,https://loremflickr.com/400/300/wonton?lock=217
D0218,R21,Chow Mein Lớn,119000,412,10.1,27.0,29.3,"[""low_carb"", ""healthy""]",cn,main,4.6,680,True,https://loremflickr.com/400/300/chowmein?lock=218
D0219,R21,Wonton Mix,126000,676,78.6,25.2,29.0,"[""low_carb""]",cn,main,4.9,2748,True,https://loremflickr.com/400/300/wonton?lock=219
D0220,R21,Dim Sum Mix,29000,952,55.8,104.3,34.6,"[""bulking"", ""high_protein""]",cn,main,4.3,4984,True,https://loremflickr.com/400/300/dimsum?lock=220
D0221,R21,Mapo Tofu Đặc biệt,35000,245,8.0,31.2,9.8,"[""eat_clean"", ""healthy""]",cn,main,4.8,445,True,https://loremflickr.com/400/300/mapotofu?lock=221
D0222,R21,Baozi Truyền thống,169000,405,57.2,5.0,17.4,"[""high_protein""]",cn,main,4.5,1781,True,https://loremflickr.com/400/300/baozi?lock=222
D0223,R21,Fried Rice Truyền thống,236000,1004,38.2,166.9,20.4,"[""high_protein""]",cn,main,4.6,1326,True,https://loremflickr.com/400/300/friedrice?lock=223
D0224,R21,Spring Rolls Mix,213000,678,95.0,49.2,11.3,"[""eat_clean"", ""healthy""]",cn,main,4.4,3719,True,https://loremflickr.com/400/300/springroll?lock=224
D0225,R22,Spring Rolls Nhỏ,23000,450,62.9,20.1,13.1,"[""eat_clean"", ""healthy""]",cn,main,4.4,2079,True,https://loremflickr.com/400/300/springroll?lock=225
D0226,R22,Dumplings Đặc biệt,134000,654,37.5,86.0,17.8,"[""high_protein""]",cn,main,4.8,2871,True,https://loremflickr.com/400/300/dumplings?lock=226
D0227,R22,Wonton Nhỏ,80000,911,144.0,55.8,12.5,"[""healthy""]",cn,main,4.8,4478,True,https://loremflickr.com/400/300/wonton?lock=227
D0228,R22,Hot Pot Đặc biệt,22000,995,54.0,161.4,14.8,"[""high_protein""]",cn,main,4.4,940,True,https://loremflickr.com/400/300/hotpot?lock=228
D0229,R22,Peking Duck Mix,23000,962,171.1,51.6,7.9,"[""eat_clean"", ""healthy""]",cn,main,5.0,3176,True,https://loremflickr.com/400/300/pekingduck?lock=229
D0230,R22,Wonton Nhỏ,186000,961,160.3,32.7,21.0,"[""low_carb""]",cn,main,4.5,583,True,https://loremflickr.com/400/300/wonton?lock=230
D0231,R22,Dim Sum Nhỏ,17000,302,5.0,43.9,11.9,"[""eat_clean"", ""healthy""]",cn,main,4.9,3002,True,https://loremflickr.com/400/300/dimsum?lock=231
D0232,R22,Fried Rice Mix,24000,411,5.0,35.7,27.7,"[""low_carb"", ""healthy""]",cn,main,4.8,599,True,https://loremflickr.com/400/300/friedrice?lock=232
D0233,R23,Chow Mein Nhỏ,32000,861,44.6,112.5,25.8,"[""bulking"", ""high_protein""]",cn,main,4.5,3732,True,https://loremflickr.com/400/300/chowmein?lock=233
D0234,R23,Wonton Mix,149000,1019,184.2,45.2,11.2,"[""eat_clean"", ""healthy""]",cn,main,4.8,363,True,https://loremflickr.com/400/300/wonton?lock=234
D0235,R23,Baozi Truyền thống,19000,881,36.1,116.4,30.1,"[""bulking"", ""high_protein""]",cn,main,4.9,464,True,https://loremflickr.com/400/300/baozi?lock=235
D0236,R23,Mapo Tofu Lớn,28000,680,90.2,63.3,7.4,"[""eat_clean"", ""healthy""]",cn,main,4.4,2336,True,https://loremflickr.com/400/300/mapotofu?lock=236
D0237,R23,Dim Sum Mix,249000,1047,197.9,45.6,8.1,"[""healthy""]",cn,main,4.1,1431,True,https://loremflickr.com/400/300/dimsum?lock=237
D0238,R23,Fried Rice Lớn,150000,426,56.6,38.5,5.1,"[""healthy""]",cn,main,4.6,4825,True,https://loremflickr.com/400/300/friedrice?lock=238
D0239,R23,Spring Rolls Nhỏ,62000,922,53.6,94.3,36.7,"[""bulking"", ""high_protein""]",cn,main,4.0,645,True,https://loremflickr.com/400/300/springroll?lock=239
D0240,R23,Chow Mein Lớn,65000,494,43.6,18.4,27.3,"[""low_carb"", ""healthy""]",cn,main,4.7,2385,True,https://loremflickr.com/400/300/chowmein?lock=240
D0241,R15,Popcorn Chicken Nhỏ,78000,274,24.0,21.0,10.5,"[""healthy""]",tw,main,4.1,3334,True,https://loremflickr.com/400/300/popcornchicken?lock=241
D0242,R15,Lu Rou Fan Truyền thống,29000,892,58.6,89.7,33.3,"[""bulking"", ""high_protein""]",tw,main,4.5,4926,True,https://loremflickr.com/400/300/luroufan?lock=242
D0243,R15,Oyster Omelet Mix,80000,932,36.5,116.0,35.8,"[""bulking"", ""high_protein""]",tw,main,5.0,3904,True,https://loremflickr.com/400/300/oysteromelet?lock=243
D0244,R15,Scallion Pancake Lớn,49000,330,54.7,5.0,10.2,"[""high_protein""]",tw,main,4.8,2654,True,https://loremflickr.com/400/300/pajeon?lock=244
D0245,R15,Lu Rou Fan Mix,78000,1020,54.4,113.5,38.7,"[""bulking"", ""high_protein""]",tw,main,4.1,4502,True,https://loremflickr.com/400/300/luroufan?lock=245
D0246,R15,Pineapple Cake Truyền thống,28000,462,26.3,38.2,22.7,"[""low_carb"", ""healthy""]",tw,main,4.8,2055,True,https://loremflickr.com/400/300/pineapplecake?lock=246
D0247,R15,Gua Bao Đặc biệt,21000,411,36.6,38.2,12.4,"[""high_protein""]",tw,main,4.6,2711,True,https://loremflickr.com/400/300/guabao?lock=247
D0248,R15,Scallion Pancake Truyền thống,200000,289,5.0,34.8,14.4,"[""eat_clean"", ""healthy""]",tw,main,4.9,4681,True,https://loremflickr.com/400/300/pajeon?lock=248
D0249,R24,Gua Bao Truyền thống,36000,1004,59.4,157.9,15.1,"[""high_protein""]",tw,main,4.8,3062,True,https://loremflickr.com/400/300/guabao?lock=249
D0250,R24,Pineapple Cake Đặc biệt,30000,427,35.6,39.7,14.0,"[""eat_clean"", ""healthy""]",tw,main,4.9,176,True,https://loremflickr.com/400/300/pineapplecake?lock=250
D0251,R24,Popcorn Chicken Truyền thống,89000,450,57.9,41.9,5.6,"[""healthy""]",tw,main,4.7,1038,True,https://loremflickr.com/400/300/popcornchicken?lock=251
D0252,R24,Scallion Pancake Lớn,81000,284,5.0,36.3,13.2,"[""eat_clean"", ""healthy""]",tw,main,4.3,1226,True,https://loremflickr.com/400/300/pajeon?lock=252
D0253,R24,Beef Noodle Lớn,84000,1001,52.2,174.8,10.3,"[""high_protein""]",tw,main,4.2,112,True,https://loremflickr.com/400/300/beefnoodle?lock=253
D0254,R24,Gua Bao Nhỏ,112000,450,63.5,33.4,6.9,"[""eat_clean"", ""healthy""]",tw,main,4.2,1002,True,https://loremflickr.com/400/300/guabao?lock=254
D0255,R24,Scallion Pancake Lớn,50000,671,95.6,19.8,23.3,"[""low_carb""]",tw,main,4.2,770,True,https://loremflickr.com/400/300/pajeon?lock=255
D0256,R24,Popcorn Chicken Truyền thống,27000,722,41.9,96.3,18.8,"[""high_protein""]",tw,main,4.6,1745,True,https://loremflickr.com/400/300/popcornchicken?lock=256
D0257,R25,Scallion Pancake Đặc biệt,31000,717,87.0,62.5,13.2,"[""healthy""]",tw,main,4.1,1890,True,https://loremflickr.com/400/300/pajeon?lock=257
D0258,R25,Iron Egg Truyền thống,37000,408,55.4,27.1,8.7,"[""healthy""]",tw,main,4.6,4827,True,https://loremflickr.com/400/300/ironegg?lock=258
D0259,R25,Iron Egg Truyền thống,91000,703,94.5,59.2,9.8,"[""healthy""]",tw,main,4.8,1980,True,https://loremflickr.com/400/300/ironegg?lock=259
D0260,R25,Scallion Pancake Mix,154000,278,10.2,36.2,10.3,"[""healthy""]",tw,main,4.7,2865,True,https://loremflickr.com/400/300/pajeon?lock=260
D0261,R25,Bubble Tea Mix,89000,450,46.6,35.4,13.6,"[""eat_clean"", ""healthy""]",tw,main,4.5,259,True,https://loremflickr.com/400/300/bubbletea?lock=261
D0262,R25,Pineapple Cake Truyền thống,15000,258,5.5,36.1,10.2,"[""healthy""]",tw,main,4.2,4975,True,https://loremflickr.com/400/300/pineapplecake?lock=262
D0263,R25,Oyster Omelet Mix,232000,288,5.0,26.5,18.1,"[""low_carb"", ""healthy""]",tw,main,4.2,189,True,https://loremflickr.com/400/300/oysteromelet?lock=263
D0264,R25,Oyster Omelet Lớn,81000,381,5.0,28.1,27.7,"[""low_carb"", ""healthy""]",tw,main,4.5,375,True,https://loremflickr.com/400/300/oysteromelet?lock=264
D0265,R26,Oyster Omelet Đặc biệt,181000,948,45.2,95.1,43.0,"[""bulking"", ""high_protein""]",tw,main,4.4,3399,True,https://loremflickr.com/400/300/oysteromelet?lock=265
D0266,R26,Lu Rou Fan Lớn,25000,450,37.0,43.1,14.4,"[""healthy""]",tw,main,4.1,3545,True,https://loremflickr.com/400/300/luroufan?lock=266
D0267,R26,Iron Egg Nhỏ,38000,989,56.1,109.3,36.4,"[""bulking"", ""high_protein""]",tw,main,5.0,741,True,https://loremflickr.com/400/300/ironegg?lock=267
D0268,R26,Oyster Omelet Mix,244000,679,95.8,54.5,8.7,"[""healthy""]",tw,main,4.5,1103,True,https://loremflickr.com/400/300/oysteromelet?lock=268
D0269,R26,Iron Egg Nhỏ,154000,964,59.0,117.6,28.6,"[""bulking"", ""high_protein""]",tw,main,4.9,2782,True,https://loremflickr.com/400/300/ironegg?lock=269
D0270,R26,Pineapple Cake Mix,40000,960,160.9,60.5,8.3,"[""healthy""]",tw,main,4.5,3571,True,https://loremflickr.com/400/300/pineapplecake?lock=270
D0271,R26,Gua Bao Lớn,61000,473,47.0,29.9,18.4,"[""high_protein""]",tw,main,4.6,4515,True,https://loremflickr.com/400/300/guabao?lock=271
D0272,R26,Oyster Omelet Đặc biệt,25000,345,55.0,5.0,11.7,"[""high_protein""]",tw,main,4.4,1366,True,https://loremflickr.com/400/300/oysteromelet?lock=272
D0273,R27,Oyster Omelet Mix,171000,920,36.0,113.8,35.6,"[""bulking"", ""high_protein""]",tw,main,4.5,2851,True,https://loremflickr.com/400/300/oysteromelet?lock=273
D0274,R27,Popcorn Chicken Nhỏ,28000,711,100.2,35.6,18.7,"[""low_carb""]",tw,main,4.5,594,True,https://loremflickr.com/400/300/popcornchicken?lock=274
D0275,R27,Gua Bao Đặc biệt,43000,464,35.1,29.2,23.0,"[""high_protein""]",tw,main,4.6,3727,True,https://loremflickr.com/400/300/guabao?lock=275
D0276,R27,Bubble Tea Truyền thống,83000,977,183.2,21.5,17.6,"[""low_carb""]",tw,main,4.2,3165,True,https://loremflickr.com/400/300/bubbletea?lock=276
D0277,R27,Pineapple Cake Nhỏ,37000,460,30.3,27.6,25.4,"[""low_carb"", ""healthy""]",tw,main,4.8,3877,True,https://loremflickr.com/400/300/pineapplecake?lock=277
D0278,R27,Stinky Tofu Truyền thống,36000,685,106.6,42.0,10.0,"[""eat_clean"", ""healthy""]",tw,main,4.5,2676,True,https://loremflickr.com/400/300/stinkytofu?lock=278
D0279,R27,Bubble Tea Đặc biệt,74000,354,46.5,5.0,16.5,"[""high_protein""]",tw,main,4.0,3728,True,https://loremflickr.com/400/300/bubbletea?lock=279
D0280,R27,Stinky Tofu Đặc biệt,77000,748,100.1,24.8,27.6,"[""low_carb""]",tw,main,4.2,2807,True,https://loremflickr.com/400/300/stinkytofu?lock=280
